{
  "1": {
    "contrast": { "r": -0.419, "g": -0.492, "b": -0.581 },
    "covariance_matrix": [
      [0.0003997387302566953, -9.828621556604825e-6, -6.880595682122805e-5],
      [-9.828621556604816e-6, 9.669274602321086e-5, 6.121303292849099e-5],
      [-6.880595682122805e-5, 6.121303292849099e-5, 0.00017050173363475897]
    ],
    "color_radius": { "r": 0.06, "g": 0.06, "b": 0.1 }
  }
}
